model,team1_mse,team1_mae,team1_r2,team2_mse,team2_mae,team2_r2,exact_score_acc,outcome_acc,n_matches
Linear Regression,1.239652497509757,0.8919561497414885,0.33906647407856383,0.8690008092614583,0.7362781842893177,0.14441826606792507,0.16279069767441862,0.5581395348837209,43
Random Forest,1.7454618252329395,1.044703617515446,0.06938900955717853,0.9672925590456015,0.7580720903736131,0.04764433350622066,0.11627906976744186,0.4418604651162791,43
